{
    "epoch": 0.94,
    "eval_bleu": 12.555788748971981,
    "eval_chrf": 36.56498483136287,
    "eval_chrfpp": 33.47585282728086,
    "eval_gen_len": 190.90625,
    "eval_loss": 0.7482426166534424,
    "eval_perplexity": 2.1132829031920886,
    "eval_runtime": 62.9586,
    "eval_samples_per_second": 1.017,
    "eval_steps_per_second": 1.017,
    "test_bleu": 2.3883145145202818,
    "test_chrf": 21.62506785555888,
    "test_chrfpp": 18.357393141292025,
    "test_feature_selected_bleu": 2.8761314381637955,
    "test_feature_selected_chrf": 22.369918659271327,
    "test_feature_selected_chrfpp": 19.15580897813568,
    "test_feature_selected_gen_len": 190.84375,
    "test_feature_selected_loss": 1.1091203689575195,
    "test_feature_selected_runtime": 56.6349,
    "test_feature_selected_samples_per_second": 1.13,
    "test_feature_selected_steps_per_second": 1.13,
    "test_gen_len": 191.0,
    "test_loss": 1.1186168193817139,
    "test_retrieved_only_bleu": 2.635506978400803,
    "test_retrieved_only_chrf": 21.912304958850257,
    "test_retrieved_only_chrfpp": 18.621990838950946,
    "test_retrieved_only_gen_len": 187.8125,
    "test_retrieved_only_loss": 1.2140061855316162,
    "test_retrieved_only_runtime": 143.4275,
    "test_retrieved_only_samples_per_second": 0.446,
    "test_retrieved_only_steps_per_second": 0.446,
    "test_runtime": 66.1459,
    "test_samples_per_second": 0.968,
    "test_source_only_bleu": 0.029258106848588816,
    "test_source_only_chrf": 0.07104775545930953,
    "test_source_only_chrfpp": 0.2729235528693203,
    "test_source_only_gen_len": 187.875,
    "test_source_only_loss": 2.226273775100708,
    "test_source_only_runtime": 159.2178,
    "test_source_only_samples_per_second": 0.402,
    "test_source_only_steps_per_second": 0.402,
    "test_steps_per_second": 0.968,
    "test_wrong_shift1_bleu": 0.4304827633798438,
    "test_wrong_shift1_chrf": 15.79518864314311,
    "test_wrong_shift1_chrfpp": 12.825319208758495,
    "test_wrong_shift1_gen_len": 191.0,
    "test_wrong_shift1_loss": 1.3147876262664795,
    "test_wrong_shift1_runtime": 56.4806,
    "test_wrong_shift1_samples_per_second": 1.133,
    "test_wrong_shift1_steps_per_second": 1.133,
    "train_loss": 0.9955164909362793,
    "train_runtime": 166.0226,
    "train_samples_per_second": 2.891,
    "train_steps_per_second": 0.723
}