model_key	language_script	group	examples	masked_tokens	mean_nll	pseudo_perplexity	elapsed_sec
v52_mean_step1000	dtp_Latn	v5_target	20	246	8.778743	6494.710078	0.834
v52_mean_step1000	xav_Latn	v5_target	20	1518	3.631103	37.754422	15.480
v52_mean_step1000	bam_Latn	v5_target	20	616	7.170293	1300.225848	3.571
v52_mean_step1000	csb_Latn	v5_target	20	704	7.117465	1233.319483	4.823
v52_mean_step1000	ile_Latn	v5_target	20	468	4.491453	89.251044	2.072
v52_mean_step1000	lij_Latn	v5_target	20	851	5.525709	251.064342	5.950
v52_mean_step1000	fur_Latn	v5_target	20	793	6.562161	707.799734	6.731
