model_key	language_script	group	examples	masked_tokens	mean_nll	pseudo_perplexity	elapsed_sec
v52_align_step2500	dtp_Latn	v5_target	20	246	7.630230	2059.524050	0.844
v52_align_step2500	xav_Latn	v5_target	20	1518	2.275962	9.737282	15.462
v52_align_step2500	bam_Latn	v5_target	20	616	5.825524	338.838805	3.552
v52_align_step2500	csb_Latn	v5_target	20	704	5.142040	171.064463	4.834
v52_align_step2500	ile_Latn	v5_target	20	468	3.076562	21.683734	2.071
v52_align_step2500	lij_Latn	v5_target	20	851	4.370701	79.099045	5.948
v52_align_step2500	fur_Latn	v5_target	20	793	5.188850	179.262200	6.742
