model_key	mean_same_cosine	cls_same_cosine	delta_cls_minus_mean_same_cosine	mean_margin	cls_margin	delta_cls_minus_mean_margin	mean_recall_at_1	cls_recall_at_1	delta_cls_minus_mean_recall_at_1	mean_mrr	cls_mrr	delta_cls_minus_mean_mrr	reading
xlmr_base	0.986126	0.985600	-0.000526	-0.003000	-0.007491	-0.004491	0.006874	0.002862	-0.004012	0.020418	0.015012	-0.005406	mean_better_retrieval
random_mlm200	0.993669	0.997086	+0.003417	-0.002612	-0.001679	+0.000933	0.005793	0.004721	-0.001072	0.021748	0.018970	-0.002778	mean_better_retrieval
mean_mlm200	0.996556	0.994511	-0.002045	-0.001656	-0.004028	-0.002372	0.005724	0.004709	-0.001015	0.022055	0.019113	-0.002942	mean_better_retrieval
fvt_mlm200	0.990975	0.993396	+0.002421	-0.002530	-0.002711	-0.000181	0.004551	0.003802	-0.000749	0.019034	0.017251	-0.001783	mean_better_retrieval
align_mlm200	0.990067	0.994633	+0.004566	-0.002603	-0.002140	+0.000463	0.004292	0.003535	-0.000757	0.019030	0.016243	-0.002787	mean_better_retrieval
focus_mlm200	0.984526	0.994485	+0.009959	-0.004347	-0.002230	+0.002117	0.004553	0.003790	-0.000763	0.019333	0.017142	-0.002191	mean_better_retrieval
