model_key	language_script	group	examples	masked_tokens	mean_nll	pseudo_perplexity	elapsed_sec
v52_random_step2500	dtp_Latn	v5_target	20	246	8.361726	4280.076268	0.833
v52_random_step2500	xav_Latn	v5_target	20	1518	2.770073	15.959798	15.462
v52_random_step2500	bam_Latn	v5_target	20	616	6.642229	766.801941	3.535
v52_random_step2500	csb_Latn	v5_target	20	704	6.495286	662.013812	4.835
v52_random_step2500	ile_Latn	v5_target	20	468	3.753623	42.675427	2.075
v52_random_step2500	lij_Latn	v5_target	20	851	5.110103	165.687350	5.948
v52_random_step2500	fur_Latn	v5_target	20	793	6.130470	459.652256	6.767
