model_key	language_script	group	examples	masked_tokens	mean_nll	pseudo_perplexity	elapsed_sec
v52_mean_step500	dtp_Latn	v5_target	20	246	9.252442	10430.002878	0.829
v52_mean_step500	xav_Latn	v5_target	20	1518	4.437611	84.572651	15.335
v52_mean_step500	bam_Latn	v5_target	20	616	7.612049	2022.417819	3.475
v52_mean_step500	csb_Latn	v5_target	20	704	7.714291	2240.134087	4.737
v52_mean_step500	ile_Latn	v5_target	20	468	4.962620	142.967901	2.012
v52_mean_step500	lij_Latn	v5_target	20	851	5.925366	374.415415	5.886
v52_mean_step500	fur_Latn	v5_target	20	793	7.030885	1131.031446	6.767
