model_key	language_script	group	examples	masked_tokens	mean_nll	pseudo_perplexity	elapsed_sec
v52_fvt_step500	dtp_Latn	v5_target	20	246	8.403238	4461.488940	0.813
v52_fvt_step500	xav_Latn	v5_target	20	1518	3.365267	28.941221	15.237
v52_fvt_step500	bam_Latn	v5_target	20	616	6.301230	545.241911	3.507
v52_fvt_step500	csb_Latn	v5_target	20	704	6.228627	507.058796	4.766
v52_fvt_step500	ile_Latn	v5_target	20	468	4.000968	54.651030	2.024
v52_fvt_step500	lij_Latn	v5_target	20	851	5.073606	159.749272	5.774
v52_fvt_step500	fur_Latn	v5_target	20	793	6.051652	424.814413	6.693
