model_key	language_script	group	examples	masked_tokens	mean_nll	pseudo_perplexity	elapsed_sec
v52_fvt_step2500	dtp_Latn	v5_target	20	246	7.630230	2059.524050	0.811
v52_fvt_step2500	xav_Latn	v5_target	20	1518	2.275962	9.737282	15.232
v52_fvt_step2500	bam_Latn	v5_target	20	616	5.825524	338.838805	3.514
v52_fvt_step2500	csb_Latn	v5_target	20	704	5.142040	171.064463	4.791
v52_fvt_step2500	ile_Latn	v5_target	20	468	3.076562	21.683734	2.041
v52_fvt_step2500	lij_Latn	v5_target	20	851	4.370701	79.099045	5.887
v52_fvt_step2500	fur_Latn	v5_target	20	793	5.188850	179.262200	6.709
