model_key	summary_group	languages	total_examples	total_masked_tokens	macro_mean_nll	macro_pseudo_perplexity	weighted_mean_nll	weighted_pseudo_perplexity
v5_fvt	all	15	75	2256	7.809147	2463.028904	8.040183	3103.181033
v5_fvt	head	5	25	777	6.300040	544.593476	6.621457	751.038819
v5_fvt	v5_target	10	50	1479	8.563701	5238.030773	8.785518	6538.856501
v5_mean	all	15	75	2256	9.946604	20881.193493	10.604370	40310.618084
v5_mean	head	5	25	777	7.539998	1881.825509	8.037017	3093.372817
v5_mean	v5_target	10	50	1479	11.149907	69557.393742	11.953142	155304.314070
v5_random	all	15	75	2256	15.554625	5692300.328135	16.511807	14824722.688186
v5_random	head	5	25	777	11.827777	137005.589055	12.895301	398435.604683
v5_random	v5_target	10	50	1479	17.418049	36691254.954060	18.411756	99111496.403139
