direction	model_group	split	runs	seeds	aligned_cosine_mean_mean	aligned_cosine_mean_std	margin_mean_mean	margin_mean_std	recall_at_1_mean	recall_at_1_std	recall_at_5_mean	recall_at_5_std	mrr_mean	mrr_std	hubness_at10_max_rate_mean	hubness_at10_max_rate_std
cop->syr	third_try_fvt	dev	3	13,17,23	0.990554	0.000218	-0.005998	0.000132	0.002458	0.000695	0.011799	0.002408	0.014648	0.000837	0.989184	0.006061
cop->syr	third_try_fvt	final_test	3	13,17,23	0.989972	0.000233	-0.006007	0.000196	0.002651	0.000469	0.008615	0.000469	0.011087	0.000457	0.984758	0.006199
cop->syr	xlmr_base	dev	1	baseline	0.972255	0.0	-0.011656	0.0	0.001475	0.0	0.0059	0.0	0.01072	0.0	1.0	0.0
cop->syr	xlmr_base	final_test	1	baseline	0.971087	0.0	-0.008348	0.0	0.000994	0.0	0.00497	0.0	0.007946	0.0	1.0	0.0
syr->cop	third_try_fvt	dev	3	13,17,23	0.990554	0.000218	-0.000936	7.4e-05	0.003933	0.001391	0.015241	0.001391	0.020126	0.001824	0.435595	0.027785
syr->cop	third_try_fvt	final_test	3	13,17,23	0.989972	0.000233	-0.000876	6.6e-05	0.003313	0.000469	0.011597	0.000469	0.016445	0.000843	0.64778	0.062618
syr->cop	xlmr_base	dev	1	baseline	0.972255	0.0	-0.001429	0.0	0.00295	0.0	0.013274	0.0	0.014008	0.0	0.707965	0.0
syr->cop	xlmr_base	final_test	1	baseline	0.971087	0.0	-0.001794	0.0	0.001988	0.0	0.006958	0.0	0.008985	0.0	0.982107	0.0
