language_script	language_name	sentences	words	chars	base_tokens	target_tokens	base_tokens_per_sentence	target_tokens_per_sentence	base_tokens_per_word	target_tokens_per_word	token_reduction_pct	base_chars_per_token	target_chars_per_token	chars_per_token_gain_pct	target_new_token_pct	target_byte_token_pct	better_examples	same_examples	worse_examples
bam_Latn	Bambara	500	10426	44783	23438	15779	46.876000	31.558000	2.248034	1.513428	32.677703	1.910701	2.838139	48.539198	32.346790	0.000000	496	3	1
csb_Latn	Kashubian	500	8816	50166	25871	17148	51.742000	34.296000	2.934551	1.945100	33.717290	1.939082	2.925472	50.868906	34.388850	0.000000	488	12	0
dtp_Latn	Kadazan Dusun	500	4998	24272	9876	7478	19.752000	14.956000	1.975990	1.496198	24.281085	2.457675	3.245788	32.067398	34.394223	0.000000	489	11	0
fur_Latn	Friulian	500	12238	55947	22330	17790	44.660000	35.580000	1.824645	1.453669	20.331393	2.505464	3.144857	25.519955	23.974143	0.000000	485	15	0
ile_Latn	Interlingue	500	10066	50261	15548	13616	31.096000	27.232000	1.544606	1.352672	12.426036	3.232634	3.691319	14.189189	14.416863	0.000000	443	57	0
lij_Latn	Ligurian	500	13858	67116	30424	25278	60.848000	50.556000	2.195411	1.824073	16.914278	2.206022	2.655115	20.357623	19.795870	0.000000	480	20	0
xav_Latn	Xavánte	500	29059	116509	69697	45368	139.394000	90.736000	2.398465	1.561237	34.906811	1.671650	2.568088	53.625904	34.478046	0.000000	500	0	0
ALL_TARGET7	All v5.2 unseen tail target languages	3500	89461	409054	197184	142457	56.338286	40.702000	2.204134	1.592392	27.754280	2.074479	2.871421	38.416505	28.392427	0.000000	3381	118	1
