model_key	languages	total_examples	total_masked_tokens	weighted_mean_nll	weighted_pseudo_perplexity	weighted_avg_gold_probability	macro_top1_accuracy	macro_top5_accuracy	macro_top10_accuracy	total_content_tokens	weighted_content_mean_nll	weighted_content_pseudo_perplexity	weighted_content_avg_gold_probability	macro_content_top1_accuracy	macro_content_top5_accuracy	macro_content_top10_accuracy
align_mlm200	10	200	9138	4.986757	146.460676	0.006828	0.436359	0.489113	0.502925	4998	8.454928	4698.166068	0.000213	0.045114	0.077521	0.096517
fvt_mlm200	10	200	9138	5.033308	153.439754	0.006517	0.4274	0.493834	0.513409	4998	8.455893	4702.70589	0.000213	0.04008	0.084566	0.110627
focus_mlm200	10	200	9138	5.09077	162.514902	0.006153	0.434602	0.488158	0.502199	4998	8.65255	5724.727191	0.000175	0.040108	0.076205	0.094909
random_mlm200	10	200	9138	5.564147	260.902633	0.003833	0.430646	0.485842	0.499881	4998	9.391788	11989.523138	8.3e-05	0.040033	0.07026	0.088453
mean_mlm200	10	200	9138	6.439363	626.007745	0.001597	0.435263	0.483081	0.496028	4998	11.047011	62756.107534	1.6e-05	0.037271	0.064516	0.081685
