model_key	language_script	group	examples	masked_tokens	mean_nll	pseudo_perplexity	elapsed_sec
v52_random_step2000	dtp_Latn	v5_target	20	246	8.493843	4884.599791	0.833
v52_random_step2000	xav_Latn	v5_target	20	1518	2.840922	17.131546	15.476
v52_random_step2000	bam_Latn	v5_target	20	616	6.668450	787.174457	3.565
v52_random_step2000	csb_Latn	v5_target	20	704	6.648305	771.475396	4.827
v52_random_step2000	ile_Latn	v5_target	20	468	3.874358	48.151786	2.069
v52_random_step2000	lij_Latn	v5_target	20	851	5.184800	178.537813	5.927
v52_random_step2000	fur_Latn	v5_target	20	793	6.268761	527.822741	6.762
