model_key	language_script	group	examples	masked_tokens	mean_nll	pseudo_perplexity	elapsed_sec
v52_random_step3500	dtp_Latn	v5_target	20	246	8.236840	3777.584955	0.815
v52_random_step3500	xav_Latn	v5_target	20	1518	2.494121	12.111088	15.435
v52_random_step3500	bam_Latn	v5_target	20	616	6.523007	680.622061	3.556
v52_random_step3500	csb_Latn	v5_target	20	704	6.300285	544.727227	4.804
v52_random_step3500	ile_Latn	v5_target	20	468	3.618899	37.296491	2.070
v52_random_step3500	lij_Latn	v5_target	20	851	4.987965	146.637750	5.940
v52_random_step3500	fur_Latn	v5_target	20	793	5.979395	395.201336	6.738
