model_key	summary_group	languages	total_examples	total_masked_tokens	macro_mean_nll	macro_pseudo_perplexity	weighted_mean_nll	weighted_pseudo_perplexity
v5_fvt	all	15	75	2664	5.575550	263.894763	5.845506	345.677582
v5_fvt	head	5	25	899	3.507104	33.351535	3.573436	35.638850
v5_fvt	v5_target	10	50	1765	6.609774	742.315014	7.002782	1099.688124
v5_mean	all	15	75	2664	7.140885	1262.545584	8.044169	3115.575309
v5_mean	head	5	25	899	3.258079	25.999554	3.367013	28.991806
v5_mean	v5_target	10	50	1765	9.082288	8798.074767	10.426471	33741.072977
v5_random	all	15	75	2664	10.738208	46083.384146	12.348813	230686.067210
v5_random	head	5	25	899	3.999212	54.555155	4.294692	73.309609
v5_random	v5_target	10	50	1765	14.107705	1339364.090554	16.451167	13952471.416749
